name,age,birthday,salary,value,weapon,aim,teamplay,handling,playing_iq,quickness,determination,awareness,creativity,patience,calmness,total,leadership,experience,stamina,talent
Takis Rozycki,19,12,1036,49445,M4A4,71,27,74,19,88,71,63,28,25,33,499,0,9,3,4
Ahrendt Warney,29,35,2182,80409,Galil AR,90,80,93,56,90,95,91,79,81,77,832,0,15,1,3
Bernardo Gil,37,9,1404,59882,AK-47,82,0,51,49,91,77,76,3,4,82,515,20,19,4,3
Honorato Ubendu,26,43,978,42826,MP7,58,35,52,32,51,61,61,39,30,30,449,2,4,3,3
Hicham Ménard,17,17,593,25882,Aug,22,36,17,22,31,35,21,22,31,36,273,0,0,3,2
Costica Jakubowski,23,2,1424,63668,MP7,94,24,93,42,94,89,88,53,64,41,682,15,12,3,2
Vigge Borg,23,29,716,38228,MP7,44,44,55,37,55,52,47,21,23,19,397,0,5,4,3
Bonifaz Lindvall,24,11,961,41993,AWP,71,27,54,47,53,56,44,29,26,21,428,2,4,3,4
Donato Rieder,25,30,1181,52661,SSG 08,95,32,28,39,48,96,98,32,21,39,528,3,12,4,4
Douwe Paderewski,24,5,1346,58530,Aug,89,22,80,45,70,88,70,38,36,58,596,0,12,2,2
Taneli Salonen,26,17,1569,70505,AK-47,96,25,96,22,89,96,94,46,31,69,664,18,13,4,4
Ewert Courtois,29,14,1794,79891,AK-47,95,52,90,87,85,96,95,27,25,88,740,20,16,2,1
Hipolito Pacorro,17,37,718,30330,MP7,35,20,66,21,32,28,37,13,33,22,307,1,4,2,3
Evstafy Didier,13,28,277,16742,M4A4,23,10,8,21,15,13,53,16,9,15,183,0,0,3,3
Shar Verbeke,16,35,536,22870,AK-47,18,22,28,13,38,27,26,26,26,23,247,0,0,2,4
Vincent Carette,23,40,1180,55862,AK-47,90,28,65,29,94,86,97,24,33,34,580,1,8,0,3
Eriberto Talitsikas,27,31,1708,77314,M4A4,91,61,91,84,90,93,93,62,48,83,796,0,14,3,2
Xavier Bailly,14,39,361,15610,Aug,10,11,21,27,14,15,17,14,14,18,161,0,0,4,3
Pauk Morton,25,45,1524,67396,AWP,92,52,88,36,93,94,96,43,28,65,687,0,13,2,2
Wesley Modin,23,29,1007,43126,Desert Eagle,60,55,51,40,67,62,49,38,24,10,456,1,3,3,3
Kostas Jarmulowicz,23,39,1608,58367,M4A4,95,30,92,31,100,90,93,36,27,31,625,0,12,2,4
Bemabe Remy,15,29,480,19396,Aug,23,20,27,16,12,22,11,17,24,25,197,0,0,3,1
Adelino Lefèvre,14,24,339,14033,AWP,17,17,10,14,18,12,16,12,13,15,144,0,0,3,4
Winfried Sonck,23,41,964,44197,AWP,66,30,53,40,55,47,61,21,28,31,432,3,8,2,2
Awe Shibanov,26,11,1465,66023,M4A4,85,66,68,61,50,95,85,25,23,35,593,19,15,2,1
Justino Marchal,26,37,1305,57930,AWP,90,50,79,79,91,26,56,33,20,62,586,0,6,3,3
Daemkiin Souflas,26,28,1396,60995,SG 553,93,27,87,30,97,90,92,31,29,30,606,0,15,5,2
Donald Vozoras,26,36,1484,66337,AK-47,92,46,87,34,91,94,92,42,36,56,670,0,14,1,3
Lambros Talitsikas,28,13,1734,77770,Aug,92,61,90,86,92,93,91,63,52,72,792,0,15,2,3
Leandro Borcea,17,12,532,22776,Desert Eagle,18,32,36,14,26,29,20,16,14,29,234,0,0,1,1
Joel Tessier,18,9,693,30013,AK-47,33,42,39,31,14,30,32,44,28,23,316,0,0,3,4
Lyle Sörensen,21,26,811,34759,M4A4,86,21,40,34,43,41,38,22,20,18,363,0,0,2,2
Ruben Yamin,24,47,1126,41583,SG 553,59,18,53,35,70,54,48,32,40,32,441,0,1,2,3
Eldar Neilson,17,34,606,25462,SG 553,27,26,28,40,21,28,18,24,22,32,266,0,0,3,3
Mike Tillberg,23,42,898,38404,M4A4,43,31,55,30,51,54,43,30,25,39,401,2,4,2,2
Radoslaw Tancsics,20,28,1436,62656,SG 553,94,55,85,55,88,77,90,43,46,36,669,0,11,3,5
Costica Rettenbacher,34,5,1838,80623,AK-47,88,52,93,84,93,95,92,57,71,90,815,0,18,3,2
Florencio Kolotov,29,43,1422,63393,AWP,72,27,87,65,94,95,92,34,36,38,640,0,14,2,4
Kaapo Takko,22,21,784,33575,M4A4,48,30,49,18,54,44,47,23,24,15,352,1,3,2,2
Otso Weber,36,24,1843,81184,SG 553,75,24,87,75,81,82,95,71,81,85,756,20,19,2,3
Riley Ingvaldsen,18,32,645,27938,SSG 08,31,38,23,29,22,31,26,46,33,18,297,0,0,2,3
Cafu Liszinski,18,45,1212,53487,SG 553,90,34,86,24,70,89,76,33,32,39,573,0,9,3,3
Ejner Göransson,26,42,997,43081,AK-47,57,24,65,26,64,69,55,27,42,17,446,2,3,3,3
Lino Vanska,29,24,1775,78558,Aug,96,83,96,69,98,91,98,70,74,69,844,0,15,3,4
Hampus Omdal,17,14,574,25033,AK-47,20,37,36,20,24,45,28,17,17,21,265,0,0,3,2
Sigismund Blaszczyk,20,30,1177,52530,MP7,70,59,87,40,76,63,74,26,32,29,556,0,11,2,2
Lucien Zelinsky,23,37,1578,69275,MP7,91,68,94,53,90,94,92,50,38,77,747,0,12,3,5
Laslo Neronov,23,10,1602,70398,AWP,96,45,94,50,91,94,84,51,37,89,731,0,12,4,1
Kamil Matschewski,21,27,1187,52447,AWP,88,36,65,45,88,79,53,32,47,29,562,12,11,3,4
Odette Shubinsky,16,37,850,37587,AK-47,54,31,49,31,64,43,48,27,30,36,413,0,7,2,3
Adam Gorczinski,19,41,1062,45925,M4A4,67,27,76,30,56,59,83,21,35,37,491,0,10,2,3
Sten Demidowicz,24,28,1506,66904,M4A4,100,46,91,56,95,92,92,69,38,43,722,0,13,1,1
Juvenal Mancio,28,4,830,44527,Aug,91,32,37,38,63,58,66,19,19,28,451,0,8,3,4
Fabian Røen,38,13,1606,68169,AK-47,86,0,82,85,84,86,90,10,64,51,638,2,20,4,3
Kuba Seger,21,42,835,36181,AK-47,54,24,56,24,47,47,47,25,21,31,376,1,4,2,2
Bent Podshivalov,13,20,426,14043,MP7,15,17,12,16,9,24,8,14,16,11,142,0,0,4,3
Casper Jaruzelski,14,34,381,16480,AK-47,24,12,16,7,15,17,15,16,25,22,169,0,0,2,3
Alfred Auestad,18,2,683,29325,SG 553,28,26,28,31,32,22,29,34,42,39,311,0,0,2,3
Bert Aaltonen,26,45,1600,71936,AWP,94,40,93,71,91,94,96,46,62,43,730,0,13,2,3
Conrad Kalendovsky,28,28,1535,67033,Galil AR,91,49,94,45,99,100,96,42,51,51,718,0,15,3,0
Berthold Qvist,19,4,730,32226,AWP,44,23,49,32,46,40,38,15,19,21,327,2,4,2,1
Artem Österberg,26,42,1002,43424,FAMAS,53,37,76,43,56,45,54,25,27,36,452,0,3,2,4
Aatto Kreisky,16,45,866,37617,Aug,40,17,54,31,46,60,68,32,34,37,419,7,7,3,3
Sebastião Jakubowski,20,44,1022,44692,Aug,68,24,75,31,69,57,64,33,26,33,480,0,11,2,3
Gidi Maksymowicz,23,41,1363,60252,Aug,89,43,89,39,76,89,90,39,41,52,647,0,12,2,3
Olavo Novais,23,45,932,40279,M4A4,58,32,56,17,61,56,43,34,40,23,420,1,3,3,0
Vernon Ålund,18,34,633,27981,AK-47,29,19,30,23,50,52,39,30,15,20,307,2,3,2,2
Svein-erik Wooten,30,40,1563,68214,Aug,94,55,94,36,94,86,90,53,36,42,680,0,16,3,3
Avripidis Bond,31,10,1965,88262,SG 553,93,63,88,90,92,91,88,52,86,89,832,20,16,4,4
Ivar Verduyn,17,41,595,25102,AWP,17,36,20,21,23,22,29,25,40,34,267,0,0,1,2
Andrew Balcerzak,22,32,1214,52907,SG 553,66,44,77,49,51,83,86,47,29,40,572,0,12,3,0
Algy Krakowski,19,43,1304,57764,MP7,87,39,87,44,96,72,73,41,34,50,623,0,10,3,4
Jerônimo Jacques,14,35,352,15135,SG 553,15,16,17,16,15,15,16,17,16,13,156,0,0,2,3
Görel Cederlund,23,33,952,41453,AK-47,74,27,64,35,59,55,43,16,31,19,423,1,3,2,2
Gillermo Lundvall,17,29,640,28162,SG 553,33,30,45,20,45,41,42,22,18,10,306,1,2,2,4
Alice Weber,34,39,1760,76101,AK-47,94,55,90,47,97,95,92,69,56,64,759,2,17,2,3
Adão Nyberg,26,10,1029,44360,M4A4,65,33,63,24,37,55,70,34,33,33,447,5,4,2,1
Adão Caminha,25,36,977,42559,SSG 08,66,24,56,27,51,76,54,36,31,28,449,1,3,0,2
Gerard Elg,17,30,692,28945,Aug,39,24,49,23,35,35,28,21,26,27,307,1,3,2,5
Andreas Kosko,21,26,1132,50034,MP7,84,41,73,44,72,56,55,41,33,34,533,0,11,3,4
Damario Ortiz,25,46,959,42020,M4A4,68,26,48,21,53,75,53,46,29,27,446,2,3,2,2
Zigmars Danilczyk,23,8,1433,62610,Aug,92,56,91,34,92,90,88,45,40,42,670,0,12,2,1
Santos Kovel,20,7,974,43414,MP7,84,27,57,26,75,76,60,21,17,22,465,0,10,2,4
Moa Hed,24,12,922,40539,AK-47,47,26,68,22,44,51,62,22,41,43,426,1,3,2,4
Reimund Repo,19,36,1000,43604,AK-47,60,20,69,28,52,63,70,28,27,33,450,0,9,3,5
Philippe Gretsky,19,32,1228,44483,AK-47,68,35,62,27,60,75,76,23,31,23,480,0,10,3,3
Efrain Freire,14,43,419,17414,MP7,22,24,23,10,18,17,18,11,17,15,175,0,0,3,4
Reuben Skrowaczewski,20,44,1224,58049,SG 553,81,37,90,34,86,67,86,37,35,31,584,0,11,2,3
Rickey Aksnes,13,45,343,14148,AK-47,13,18,16,15,12,15,12,16,11,18,146,0,0,2,2
Eric Leszcznska,23,4,1355,59983,MP7,92,47,80,46,84,94,65,43,55,31,637,0,12,3,3
Raimund Rendby,15,27,398,17810,Aug,18,20,24,18,25,12,14,21,18,14,184,0,0,2,3
Anacleto Wyszyõski,21,38,1329,58850,SG 553,82,47,88,38,91,92,83,30,37,46,634,0,11,3,3
Jüri Shainman,16,11,621,27680,MP7,37,23,30,16,33,40,36,26,26,28,295,0,1,2,3
Gaute Schou,26,43,976,42194,Aug,53,13,54,33,68,64,61,29,36,39,450,1,4,2,3
Philip Kondzaella,24,25,1540,72781,MP7,90,60,93,50,93,90,90,61,74,43,744,0,13,3,4
Ulf Eile,24,34,1615,75270,AK-47,93,56,95,72,93,92,88,58,57,67,771,0,13,3,3
Erdmann Rogers,29,49,1591,72123,M4A4,93,58,94,39,95,96,92,35,44,84,730,0,14,2,4
Miklas Sabag,19,7,776,32708,SSG 08,58,23,44,18,41,38,44,22,27,27,342,0,0,2,2
Eric Opstad,27,8,983,43346,MP7,60,32,59,25,68,62,55,26,29,35,451,2,4,3,4
Ilya Stasic,26,40,1542,67698,AK-47,92,45,93,70,94,96,91,58,51,38,728,0,14,2,4
Dallas Keller,20,25,704,31162,AK-47,39,25,44,22,41,44,41,31,21,21,329,2,3,4,3
Jeronimo Martin,18,40,658,29143,M4A4,47,21,34,14,33,47,52,29,21,10,308,2,3,2,3
Humberto Thorsson,23,26,892,38189,MP7,54,44,46,23,58,56,50,25,23,24,403,1,3,3,2
Coenkijn Kotewicz,22,18,1468,65550,AK-47,91,58,95,35,88,96,93,40,59,43,698,0,12,3,4
Bogdana Dean,30,12,1546,69181,AWP,92,48,90,67,95,92,96,43,29,42,694,0,15,3,3
Aaron Rodríguez,38,40,1273,53311,AWP,61,0,78,51,83,80,83,0,0,45,481,5,20,3,2
Luciano Deryck,15,33,506,21142,SSG 08,33,15,21,17,30,18,25,11,29,17,216,0,0,2,1
Lora Mazowiecki,22,21,1357,60045,AK-47,84,43,81,36,95,89,89,38,49,44,648,0,11,2,4
Eckbert Carlén,26,26,999,43438,Aug,53,36,67,26,56,65,54,21,34,40,452,1,4,2,2
David Konchalin,14,38,389,16739,M4A4,26,11,11,17,16,17,17,22,16,20,173,0,0,0,4
Rony Rydberg,25,17,910,39366,AK-47,49,27,57,22,60,52,58,36,31,31,423,0,3,3,3
Razvan Pakado,21,9,873,39241,AK-47,59,25,23,28,45,29,40,25,33,92,399,0,10,4,2
Karlis Lesage,20,14,775,34355,AK-47,96,48,18,18,24,20,28,32,22,19,325,0,9,3,4
Kajar Sjöstrand,19,45,747,31835,Aug,54,17,55,22,41,27,42,27,23,22,330,1,3,3,3
Björn Kapuscinski,24,22,1274,56818,M4A4,91,38,86,40,86,70,80,46,34,36,607,16,12,2,3
Nicasio Szystva,20,27,960,42051,AK-47,65,12,71,12,91,58,82,18,18,31,458,0,10,3,3
Anikei Stålberg,17,35,668,29157,AK-47,34,22,50,20,53,39,33,16,24,18,309,1,3,3,2
Humi Paul,15,16,483,20227,AWP,21,28,19,14,19,18,18,16,31,23,207,0,0,3,4
Ronan Laukka,30,6,1872,83405,M4A4,100,80,95,72,97,89,92,50,89,76,840,0,15,2,3
Sandis Torstensdatter,13,20,309,12615,M4A4,16,18,5,4,12,11,16,19,13,20,134,0,0,1,2
Makar Ryberg,21,12,770,33197,AK-47,39,21,45,25,48,41,47,37,22,28,353,2,3,2,3
Sherman Dotson,26,19,969,42899,SG 553,58,31,67,32,59,41,51,51,34,28,452,1,4,2,2
Edmundo Mantoa,26,27,1377,63623,AWP,93,31,93,38,94,92,88,41,42,32,644,0,13,4,3
Sigiswald Lazaridis,26,21,1357,59984,M4A4,81,43,96,34,88,93,83,41,51,29,639,0,13,2,0
Heriberto Medina,22,7,827,36359,SG 553,38,23,69,24,53,51,62,19,23,17,379,2,4,3,4
Thad Guichard,15,20,361,15160,AWP,7,10,17,15,15,25,13,15,20,24,161,0,0,2,1
Mathias Mackowiak,22,22,1080,46550,AWP,59,37,72,26,67,79,78,35,28,27,508,0,11,2,3
Julius Krzywicki,19,21,1056,46857,AWP,71,37,75,37,72,58,77,24,26,24,501,0,9,2,4
Mauricio Franco,30,32,1733,78200,M4A4,91,43,80,88,93,91,99,33,34,72,724,20,16,1,3
Vidal Oliveira,17,25,580,28022,M4A4,47,8,21,26,44,26,28,23,27,22,272,5,4,3,3
Gerhardt Roos,22,34,930,41065,MP7,71,35,48,27,56,42,67,29,24,35,434,0,4,3,3
Bernhard Grip,21,16,758,33116,SG 553,36,26,42,43,50,42,46,27,21,23,356,0,3,2,2
Mark Gradin,25,26,932,41327,Aug,48,29,72,21,52,55,57,19,37,35,425,2,4,4,3
Neil Draczynski,20,25,1246,55009,Desert Eagle,69,28,89,33,89,93,91,40,24,48,604,0,10,2,2
Constantino Hällström,26,15,948,41906,Aug,39,31,56,39,54,53,60,40,45,31,448,1,3,3,4
Tonny Januszewski,19,24,1278,55834,Aug,93,42,87,37,74,85,86,40,22,33,599,7,9,0,3
Pierre Grabowska,19,46,1407,61667,AWP,90,44,85,38,93,92,90,49,45,41,667,0,10,3,3
Eitan Czubak,19,35,1276,56988,AWP,89,61,61,45,66,76,88,49,41,42,618,0,10,2,2
Fletcher Pyysalo,23,42,1472,66299,Desert Eagle,88,49,95,35,83,94,88,57,34,56,679,0,12,3,2
Lynwood Morse,23,37,963,41158,AK-47,52,62,46,32,41,57,42,30,43,24,429,0,5,3,2
Sivan Szajner,26,5,1554,67703,AK-47,96,51,91,59,88,88,92,61,56,43,725,0,14,3,4
Mose Roman,32,5,1813,80096,AK-47,90,72,91,80,96,89,87,73,77,68,823,0,15,3,4
Elliott Lorentzon,22,17,767,33306,SG 553,62,17,41,28,46,43,50,24,29,17,357,0,1,1,3
Spiros Ostapiuk,18,33,663,30854,Aug,51,29,23,25,25,46,35,25,34,38,331,0,1,5,3
Bernardo Kohutek,21,12,1338,59408,AK-47,71,28,93,47,96,91,95,29,49,39,638,12,11,2,3
Axel-Hans Petermann,14,11,373,15250,AK-47,18,21,9,18,16,13,16,17,21,9,158,0,0,2,3
Onur Lundmark,24,21,955,40883,M4A4,53,49,44,33,50,69,39,34,30,31,432,1,4,2,3
Haldor Wall,21,48,847,36331,SG 553,50,34,53,32,36,44,36,27,22,49,383,0,4,4,2
Ezequiel Ahlin,23,28,821,35930,SG 553,39,29,42,19,58,52,50,48,28,33,398,0,3,3,2
Rovald Suchocka,23,2,1305,57116,AK-47,84,42,82,39,86,78,89,34,35,40,609,0,12,3,3
Frasco Roman,15,4,377,15379,SSG 08,11,19,16,17,9,22,15,9,17,24,159,0,1,3,2
Raimundo Lind,18,42,693,29202,Aug,38,12,42,12,46,47,38,20,25,27,307,2,4,3,2
Edgardo Ohlsson,22,30,849,36604,SG 553,45,29,39,29,49,55,61,58,22,18,405,0,4,3,2
Parsifal Dahlgren,26,5,975,43333,SG 553,66,30,60,22,69,47,42,28,42,41,447,2,3,2,3
Miroslaw Liss,23,16,1346,58923,AK-47,83,42,88,50,93,93,93,21,43,21,627,0,12,4,4
Fabrice Bodin,21,33,847,35906,Aug,49,33,43,36,23,47,65,27,28,24,375,1,3,3,2
Kacper Kocinski,17,34,1252,55395,MP7,77,42,90,40,65,90,89,32,37,35,597,0,9,4,3
Alejo Ekholm,23,34,1001,43376,SG 553,88,20,56,39,67,40,33,28,30,40,441,0,6,2,4
Czeslaw Mušinskij,21,22,847,36327,AK-47,48,30,55,35,47,52,41,20,31,20,379,1,3,3,5
Shoni Korda,18,21,1196,51860,AWP,80,16,78,41,90,82,92,26,24,36,565,0,8,2,3
Anselmo Niemi,22,41,919,40756,M4A4,82,17,59,34,54,45,33,28,33,40,425,0,1,3,2
Aado Waglewski,27,12,1357,59831,FAMAS,88,31,89,26,91,94,93,34,43,52,641,0,14,3,2
Berne Meijer,20,37,781,33746,AWP,54,17,58,11,44,49,56,20,21,23,353,1,3,3,3
Leszek Zagorska,22,10,858,37396,M4A4,52,37,58,18,53,40,37,21,33,31,380,2,4,3,4
Roni Duglosz,21,24,1238,55080,AWP,86,36,88,28,71,88,84,52,28,36,597,0,11,3,4
Martti Lindkvist,21,36,757,33576,Aug,43,25,46,32,42,39,49,28,18,30,352,2,3,5,3
Tomasz Mårtensson,23,45,952,41113,AK-47,63,12,73,24,47,68,71,35,19,20,432,0,4,2,2
Aernt Swobodo,25,38,1308,71548,SG 553,99,43,92,66,94,100,92,63,61,63,773,0,13,3,4
Dagobert Östling,22,10,917,39243,AWP,57,34,44,20,90,41,44,35,32,22,419,0,5,4,3
Kaarle Drzazgowski,28,18,1709,75540,Galil AR,96,61,94,69,94,90,92,71,74,72,813,0,14,2,3
Axel-Werner Rönn,25,24,942,40756,SG 553,68,32,59,17,48,64,48,32,26,32,426,0,4,2,3
Célsio Fonseca,18,29,700,30690,FAMAS,44,22,48,15,62,41,37,18,15,27,329,1,3,1,3
Eemeli Hagelin,26,36,955,42484,M4A4,61,34,57,24,52,46,69,52,24,28,447,2,3,2,1
Francesco Bobkin,21,33,1141,51046,AWP,90,13,21,54,94,94,93,21,26,14,520,2,11,3,3
Jochim Beierbahs,15,32,495,20852,AWP,24,37,24,20,18,14,13,10,24,30,214,0,0,3,2
Oséas Johnson,26,41,1057,45842,AWP,71,20,53,27,65,73,57,22,40,34,462,5,4,2,3
Sami Kauppi,24,45,989,43617,AWP,56,43,72,17,50,71,61,17,38,27,452,1,3,2,4
Teppo Lukaszczyk,22,38,1182,52661,AWP,72,42,84,48,40,70,85,45,41,38,565,0,12,2,2
Marcel Mušinskij,17,40,1016,43512,M4A4,56,30,73,26,63,72,63,20,34,32,469,0,8,2,3
Kasimir Nordberg,18,11,781,33788,Aug,76,18,47,25,45,35,29,23,29,19,346,0,4,4,2
Viktoria Bicukowski,28,18,1715,75623,AWP,90,73,98,62,93,99,94,69,74,62,814,19,14,2,4
Alberto Levy,32,14,1698,74542,SG 553,89,75,89,37,95,86,95,46,86,54,752,2,15,2,4
Ira Palsudski,29,21,1720,75200,Aug,93,88,97,51,95,100,92,58,64,67,805,0,15,4,4
Bartlomiej Swobodo,26,15,973,42741,Aug,72,18,66,25,45,67,55,43,23,33,447,0,5,3,4
Avry Norlin,19,23,817,34801,Aug,39,69,46,31,50,34,53,13,16,25,376,0,0,2,4
Alejandro Bjørgum,13,17,292,12007,AWP,14,10,4,10,8,12,12,17,19,19,125,0,0,2,1
Lucio Alexandre,17,47,579,24292,SSG 08,28,26,22,32,24,28,24,18,20,32,254,0,0,2,4
Benigno Eleazar,23,12,905,38721,AWP,75,28,56,18,41,64,53,30,16,19,400,1,3,2,2
Celso Costa,27,20,1004,43227,AK-47,52,31,59,44,70,58,42,32,32,31,451,2,4,3,2
Stamatis Wajda,20,11,1170,51991,SSG 08,92,35,71,31,83,66,76,30,29,42,555,0,10,1,4
Delfim Salvador,21,20,849,36208,Aug,60,44,36,30,47,54,44,27,25,10,377,2,3,3,2
Edwardo Roman,23,12,897,39242,AWP,59,26,75,30,39,48,34,23,27,37,398,0,5,2,1
Sigurd Stridh,23,33,898,38602,AK-47,60,30,48,35,54,41,52,35,22,25,402,2,4,4,3
Chaney Lebrun,19,18,688,29559,Aug,49,19,43,32,42,43,18,20,22,13,301,1,4,2,1
Wlodzislaw Broman,21,49,776,33257,M4A4,47,33,37,27,51,39,52,29,15,21,351,2,3,2,2
Alegria Machalica,17,49,898,38195,AK-47,58,17,49,34,52,63,80,24,20,23,420,9,8,3,2
Constantino Lundstedt,22,36,814,35324,FAMAS,61,20,43,17,47,49,55,33,16,37,378,1,3,2,2
Narcis Georgas,26,42,1400,77987,Desert Eagle,90,47,91,68,88,93,93,56,90,87,803,0,14,2,3
Saku Burdinsky,22,45,1493,65929,FAMAS,94,44,86,36,87,93,91,41,64,37,673,0,11,2,3
Bogumil Pitkowski,21,29,788,33901,SSG 08,33,24,46,30,56,41,50,22,28,26,356,2,5,2,2
Shavit Sellers,29,38,1815,81191,Aug,93,70,89,78,93,96,94,58,67,90,828,0,16,3,0
Josef Mo,22,29,852,36412,SSG 08,42,29,54,32,49,72,39,15,24,23,379,2,3,2,3
Mainio Kurbiel,20,46,1249,54399,AK-47,88,29,91,27,66,91,80,51,27,34,584,0,11,2,1
Gaudencio Poznanski,18,24,1136,50074,AWP,91,40,74,23,66,67,91,33,26,30,541,0,8,3,4
Edmunds Hansens,23,13,860,36558,AWP,53,27,51,22,56,45,50,25,23,25,377,2,4,2,2
Curt Peretsky,19,43,1099,48544,MP7,66,27,75,40,60,67,94,23,27,46,525,0,10,4,4
Konon Podialik,25,25,1723,76264,AK-47,92,75,95,60,94,93,95,66,78,76,824,0,13,4,3
Vaclavs Daugherty,27,44,1795,79881,M4A4,99,45,93,83,96,100,93,56,64,86,815,0,15,4,5
Gustaf Tolkmit,21,41,1350,60303,AK-47,73,56,76,54,87,83,64,52,47,68,660,0,12,3,3
Milos Olichwierczuk,25,5,1622,70901,AWP,93,59,95,51,88,93,94,82,48,72,775,0,13,3,4
Walter Kaiblinger,21,7,781,33755,Desert Eagle,49,22,44,25,42,43,52,30,21,21,349,2,4,2,3
Paramon Franzén,19,46,715,31240,MP7,44,18,43,15,48,34,51,21,31,22,327,2,3,2,2
Silas Kroon,25,25,946,40582,M4A4,60,40,39,32,59,54,50,33,24,34,425,2,4,1,2
Odell Mcclain,23,6,900,38305,AK-47,47,23,60,36,44,57,45,20,42,27,401,1,3,4,4
Dinis Pardo,17,48,693,30685,AWP,51,18,44,22,35,29,54,36,23,21,333,0,3,0,3
Benigno Fernández,21,5,790,33587,AK-47,50,19,53,18,37,39,56,22,32,25,351,0,4,5,2
Petrus Lindblad,23,49,968,42513,AWP,57,29,52,54,44,63,57,25,41,34,456,0,1,3,3
Ty Chichlowski,24,21,1433,63844,SSG 08,91,36,93,52,100,97,100,51,38,28,686,0,13,2,4
Rudolf Edman,23,15,889,37823,AK-47,68,35,42,27,56,40,48,40,30,24,410,0,0,3,3
Wladyslaw Lindfors,22,27,833,35997,AK-47,52,28,46,27,37,45,49,21,39,33,377,1,3,3,4
Atle Thunberg,26,22,1076,46902,M4A4,88,28,62,23,60,51,61,28,38,38,477,2,4,1,3
Rogério Gruca,24,34,1375,59778,SG 553,95,34,88,50,91,81,81,37,45,35,637,0,13,3,1
Pedro Carlsson,23,20,916,39116,SG 553,60,26,56,28,45,53,51,26,32,24,401,2,3,2,2
Spiridon Jarmulowicz,25,12,1537,67073,FAMAS,92,68,91,53,90,89,91,44,50,46,714,0,13,4,3
Silviu Otræbski,26,21,1340,58753,Aug,89,31,86,56,93,92,91,29,29,31,627,18,13,1,4
Joel Mörk,24,26,850,37688,M4A4,50,25,55,30,63,63,46,24,17,26,399,1,3,4,3
Christian Eitani,16,39,434,17852,AK-47,28,22,18,20,8,18,26,19,13,18,190,1,3,2,4
Szczesny Tuvesson,19,14,698,29750,SG 553,42,15,53,14,41,38,40,15,28,19,305,2,3,2,3
Dionisio Conte,22,5,782,34436,SG 553,43,31,59,34,57,33,47,39,14,20,377,0,0,3,3
Delfim From,24,18,871,37963,AWP,63,33,35,20,52,53,60,21,35,31,403,0,3,1,3
Marian Pilaczynski,17,16,941,40227,M4A4,64,20,56,32,64,56,59,23,31,36,441,0,7,3,3
Bogumil Szasz,28,11,1613,72098,SSG 08,91,79,90,51,98,91,99,63,59,55,776,0,14,3,4
Norberto Elfving,27,13,961,42137,AK-47,59,43,60,32,47,67,50,23,42,22,445,0,0,2,0
Marcelinho Ling,19,25,674,28348,AWP,35,17,51,11,36,43,39,26,23,21,302,1,3,3,2
Alonso Westman,21,21,779,33273,MP7,54,28,38,21,40,41,53,27,22,33,357,0,3,4,2
Oshri Vaser,21,31,765,33997,M4A4,51,25,46,17,49,35,48,25,23,34,353,2,4,2,2
Abílio Jansson,19,44,732,30987,AK-47,31,7,64,25,46,46,31,27,22,31,330,0,3,3,2
Janek Hultberg,27,23,975,43114,Aug,59,34,62,29,65,48,61,32,35,26,451,0,4,2,4
Loke Zetterberg,22,24,754,32462,M4A4,34,30,40,32,59,43,45,32,12,24,351,1,4,3,2
Meinulf Bergendahl,22,23,829,35700,SG 553,31,27,48,38,64,35,46,24,32,31,376,2,4,3,3
Arkady Kreisky,25,8,1374,59972,M4A4,89,40,90,49,76,90,94,26,45,36,635,0,13,2,3
Talvaldis Plomin,27,5,1701,74412,SG 553,90,62,96,73,90,95,93,69,70,64,802,0,14,3,4
Ingemar Sarris,30,24,1824,80054,M4A4,91,66,98,87,92,91,93,67,65,71,821,0,15,2,4
Leszek Krawczyk,21,17,889,38330,FAMAS,86,37,44,33,31,39,38,16,27,32,383,2,4,3,3
Don Kasprzyk,22,49,1529,67586,SSG 08,93,71,86,45,93,89,92,60,42,63,734,0,12,2,4
Arne Kasprowicz,20,42,1433,63744,AK-47,91,53,90,47,90,88,94,36,48,43,680,0,11,2,3
Toto Wang,15,39,451,19329,Aug,18,17,27,28,27,19,11,33,9,16,205,0,0,2,0
Johan Åkerström,19,18,637,34845,MP7,43,65,53,23,31,51,45,22,17,17,367,0,4,1,5
Arndt Kiil,23,37,914,39133,AWP,66,29,44,30,50,54,54,23,30,20,400,2,4,1,2
Gintis Wieniawski,13,40,316,13695,Desert Eagle,20,20,16,7,10,12,15,14,11,14,139,0,2,3,4
Isac Mušinskij,23,20,1397,60679,M4A4,91,34,90,42,90,92,92,48,34,39,652,0,12,1,5
Raúl Dietrich,28,6,1941,86586,AK-47,95,88,95,79,95,83,100,39,60,75,809,20,15,3,4
Heinric van Vliet,21,23,832,35912,SG 553,39,30,39,34,54,43,64,16,35,26,380,2,3,1,2
Stefan Joosting,23,4,923,39849,SG 553,71,28,38,31,55,74,51,23,19,33,423,0,3,3,1
Gatis Drjagins,27,45,970,42655,SG 553,53,29,49,34,65,66,58,34,26,32,446,3,4,2,3
Romeu Stolt,24,19,881,38254,M4A4,45,38,44,41,51,57,42,20,29,32,399,2,4,3,3
Gregório Blomberg,20,5,751,32152,Aug,66,22,32,18,48,28,35,17,29,34,329,2,4,2,3
Raimonds Amundsen,31,9,1770,77796,Galil AR,88,69,91,94,93,94,93,42,55,69,788,0,15,2,4
Sølver Diregger,34,40,1797,80314,M4A4,84,56,85,84,86,88,91,69,86,88,817,1,18,2,4
Behrendt Sigfridsson,20,49,778,33303,SSG 08,61,25,33,25,57,53,37,26,14,22,353,1,3,2,3
Vivaldo Wolfbauer,16,23,363,15209,AK-47,26,17,15,13,19,20,21,12,20,14,177,0,0,3,2
Jaropelk Wickman,21,33,830,35197,AK-47,40,32,51,14,75,47,42,28,28,20,377,1,3,1,2
Martina Suomalainen,28,8,1529,68135,MP7,95,56,88,53,89,90,88,55,40,39,693,1,14,3,4
Belden Ahonen,28,42,1741,77705,SG 553,94,54,94,58,93,90,92,70,91,61,797,0,14,2,4
Benjamim Khartchenko,26,2,1551,69280,AWP,91,45,88,63,96,91,93,27,55,49,698,0,13,1,1
Antero Nordberg,27,23,974,42836,AWP,47,33,61,31,42,79,74,22,39,23,451,1,3,2,2
Axel-Georg Czernin,22,12,1519,66452,SSG 08,95,52,95,50,88,87,90,49,49,58,713,0,12,2,4
Kai Peczak,25,34,1291,57294,M4A4,93,43,87,30,85,89,87,29,36,28,607,0,13,1,3
Alban Stenlund,18,31,699,30738,Galil AR,43,14,35,16,85,36,44,21,28,23,345,0,0,3,2
Valentim Nelson,27,15,998,42906,AK-47,65,25,50,25,73,48,69,26,34,33,448,2,4,2,3
Anselm Nyholm,18,41,817,35962,M4A4,47,23,45,19,39,42,44,32,22,73,386,2,4,1,2
Lew Nomikos,31,49,1965,87708,AK-47,91,77,89,82,92,96,92,60,79,67,825,20,16,2,4
Rodrigo Vestman,19,5,719,31765,AK-47,51,40,33,27,48,31,37,31,18,15,331,1,4,0,2
Cristoval Freij,24,24,844,37450,SSG 08,37,33,54,28,47,51,53,33,28,37,401,1,2,3,2
Kermit Glenn,26,9,1022,43821,AK-47,67,31,59,35,57,62,57,28,33,23,452,2,4,3,4
Bryan Valentin,17,40,632,26582,Desert Eagle,34,31,22,29,20,45,22,26,25,25,279,0,0,2,3
Jamar Brown,27,19,1026,44044,M4A4,76,24,58,22,55,67,45,46,36,35,464,0,4,3,3
Folmar Kron,19,5,772,33433,M4A4,64,29,36,20,52,37,42,20,15,27,342,3,4,3,2
Tiina Zegelin,13,33,321,12832,Desert Eagle,6,9,15,3,8,25,14,15,29,7,131,0,0,3,3
Laslo Stera,26,34,1682,74934,SG 553,96,63,94,56,93,89,92,80,70,85,818,0,14,3,4
Nikita Lindroth,17,28,661,28814,Desert Eagle,40,17,42,26,36,41,36,19,17,29,303,2,3,3,2
Imants Wlodarcyk,18,27,980,43207,M4A4,74,21,70,30,55,70,61,26,19,41,467,0,9,2,2
Antti Sarris,25,21,1496,65984,MP7,90,82,81,52,88,95,72,34,41,37,672,0,11,2,3
Pawel Jakubowski,24,31,969,42768,AK-47,58,22,58,32,49,63,65,36,31,34,448,2,3,3,2
Volfs Stenström,21,33,844,36452,AK-47,53,25,54,26,55,48,51,12,30,22,376,1,3,2,1
Ludwig Kis,19,40,1211,52794,M4A4,69,39,94,38,71,60,87,40,31,40,569,0,10,2,2
Tymoteusz Bonk,18,39,819,36392,MP7,48,19,62,18,57,60,58,32,17,30,401,0,9,4,3
Dan Lagergren,27,36,985,43485,AWP,63,35,45,30,59,68,61,28,37,27,453,1,5,3,3
Takis Rozycki,19,12,1036,49445,M4A4,71,27,74,19,88,71,63,28,25,33,499,0,9,3,4
Ahrendt Warney,29,35,2182,80409,Galil AR,90,80,93,56,90,95,91,79,81,77,832,0,15,1,3
Bernardo Gil,37,9,1404,59882,AK-47,82,0,51,49,91,77,76,3,4,82,515,20,19,4,3
Honorato Ubendu,26,43,978,42826,MP7,58,35,52,32,51,61,61,39,30,30,449,2,4,3,3
Hicham Ménard,17,17,593,25882,Aug,22,36,17,22,31,35,21,22,31,36,273,0,0,3,2
Costica Jakubowski,23,2,1424,63668,MP7,94,24,93,42,94,89,88,53,64,41,682,15,12,3,2
Vigge Borg,23,29,716,38228,MP7,44,44,55,37,55,52,47,21,23,19,397,0,5,4,3
Bonifaz Lindvall,24,11,961,41993,AWP,71,27,54,47,53,56,44,29,26,21,428,2,4,3,4
